"","x"
"1","主题版块"
"2","产品服务"
"3","
				  	"
"4","
				  	股吧"
"5",""
"6","谈股论金"
"7","股市人生 "
"8","技术交
"9","指标平台"
"10","投资理财"
"11","股民学校"
"12","休闲娱乐"
"13","热点话题"
"14","高清图片"
"15","黄金外汇"
"16","传闻爆料"
"17","行情软件"
"18","财富先锋"
"19","云计
"20","i问财"
"21","F10基本
"22","模拟炒股"
"23","手机软件"
"24","产品知识
"25","小财
"26","LEVEL-2"
"27","实时港股"
"28","智能交易"
"29","热股：安徽合
"30","安徽水利"
"31","爱建股份"
"32","澳柯
"33","安琪酵母"
"34","当前位置
"35","社区首页>>"
"36","股票代码一
"37","沪市"
"38","深市"
"39","基金"
"40","浦发银行 600000"
"41","白云机场 600004"
"42","武钢股份 600005"
"43","东风汽车 600006"
"44","中国国贸 600007"
"45","首创股份 600008"
"46","上海机场 600009"
"47","包钢股份 600010"
"48","华能国际 600011"
"49","皖通高
"50","华夏银行 600015"
"51","民生银行 600016"
"52","日照
"53","上港集团 600018"
"54","宝钢股份 600019"
"55","中原高
"56","上海电力 600021"
"57","济南钢铁 600022"
"58","中海发展 600026"
"59","华电国际 600027"
"60","中国石化 600028"
"61","南方航空 600029"
"62","中信证券 600030"
"63","三一重工 600031"
"64","福建高
"65","楚天高
"66","招商银行 600036"
"67","歌华有线 600037"
"68","哈飞股份 600038"
"69","四川路桥 600039"
"70","保利地产 600048"
"71","中国联
"72","宁波联合 600051"
"73","浙江广厦 600052"
"74","中江地产 600053"
"75","黄山旅游 600054"
"76","万东医疗 600055"
"77","中国医药 600056"
"78","五矿发展 600058"
"79","古越龙山 600059"
"80","海信电器 600060"
"81","中纺投资 600061"
"82","双鹤药业 600062"
"83","皖维高新 600063"
"84","南京高科 600064"
"85","宇通客
"86","冠城大
"87","葛洲
"88","银鸽投资 600069"
"89","浙江富润 600070"
"90","凤凰光学 600071"
"91","中船股份 600072"
"92","上海梅林 600073"
"93","中达股份 600074"
"94","新疆天业 600075"
"95","ST华光 600076"
"96","*ST百科 600077"
"97","澄星股份 600078"
"98","人福医药 600079"
"99","*ST金花 600080"
"100","东风科技 600081"
"101","海泰发展 600082"
"102","*ST博信 600083"
"103","*ST中葡 600084"
"104","同仁
"105","东方金钰 600086"
"106","长航油运 600087"
"107","中视传媒 600088"
"108","特变电工 600089"
"109","啤酒
"110","*ST明科 600091"
"111","禾嘉股份 600093"
"112","哈高
"113","云天
"114","开创国
"115","广州控股 600098"
"116","林海股份 600099"
"117","同方股份 600100"
"118","明星电力 600101"
"119","莱钢股份 600102"
"120","青山纸业 600103"
"121","上海汽车 600104"
"122","永鼎股份 600105"
"123","重庆路桥 600106"
"124","美尔
"125","亚盛集团 600108"
"126","国金证券 600109"
"127","中科英华 600110"
"128","包钢稀
"129","长征电气 600112"
"130","浙江东日 600113"
"131","东睦股份 600114"
"132","东方航空 600115"
"133","三峡水利 600116"
"134","西宁特钢 600117"
"135","中国卫星 600118"
"136","长江投资 600119"
"137","浙江东方 600120"
"138","郑州煤电 600121"
"139","宏图高科 600122"
"140","兰花科创 600123"
"141","铁龙物流 600125"
"142","杭钢股份 600126"
"143","金健米业 600127"
"144","弘业股份 600128"
"145","太极集团 600129"
"146","ST波导 600130"
"147","*ST岷电 600131"
"148","重庆啤酒 600132"
"149","东湖高新 600133"
"150","乐凯胶片 600135"
"151","道博股份 600136"
"152","浪莎股份 600137"
"153","中青
"154","西部资源 600139"
"155","兴发集团 600141"
"156","金发科技 600143"
"157","*ST四维 600145"
"158","大元股份 600146"
"159","长春一
"160","*ST建
"161","中国船舶 600150"
"162","航天机电 600151"
"163","维科精华 600152"
"164","建发股份 600153"
"165","*ST宝硕 600155"
"166","华升股份 600156"
"167","永泰能源 600157"
"168","中体产业 600158"
"169","大龙地产 600159"
"170","巨化股份 600160"
"171","天坛生物 600161"
"172","香江控股 600162"
"173","福建南纸 600163"
"174","宁夏恒力 600165"
"175","福田汽车 600166"
"176","联美控股 600167"
"177","武汉控股 600168"
"178","太原重工 600169"
"179","上海建工 600170"
"180","上海贝岭 600171"
"181","黄河旋风 600172"
"182","卧龙地产 600173"
"183","美都控股 600175"
"184","中国玻纤 600176"
"185","雅戈
"186","东安动力 600178"
"187","*ST黑化 600179"
"188","*ST九发 600180"
"189","S佳
"190","生益科技 600183"
"191","光电股份 600184"
"192","格力地产 600185"
"193","莲花味精 600186"
"194","国中水务 600187"
"195","兖州煤业 600188"
"196","吉林森工 600189"
"197","锦州
"198","华资实业 600191"
"199","长城电工 600192"
"200","创兴置业 600193"
"201","中牧股份 600195"
"202","复星医药 600196"
"203","伊力
"204","大唐电信 600198"
"205","金种子酒 600199"
"206","江苏吴中 600200"
"207","金宇集团 600201"
"208","哈空
"209","*ST福日 600203"
"210","有研硅股 600206"
"211","ST安彩 600207"
"212","新湖中宝 600208"
"213","*ST罗顿 600209"
"214","紫江企业 600210"
"215","西藏药业 600211"
"216","江泉实业 600212"
"217","亚星客车 600213"
"218","长春经开 600215"
"219","浙江医药 600216"
"220","*ST秦岭 600217"
"221","全柴动力 600218"
"222","南山铝业 600219"
"223","江苏阳光 600220"
"224","海南航空 600221"
"225","太龙药业 600222"
"226","鲁商置业 600223"
"227","天津松江 600225"
"228","升华拜克 600226"
"229","赤天
"230","昌九生化 600228"
"231","青岛碱业 600229"
"232","沧州大化 600230"
"233","凌钢股份 600231"
"234","金鹰股份 600232"
"235","大杨创世 600233"
"236","ST天龙 600234"
"237","民丰特纸 600235"
"238","桂冠电力 600236"
"239","铜峰电子 600237"
"240","海南椰岛 600238"
"241","云南城投 600239"
"242","华业地产 600240"
"243","时代万恒 600241"
"244","ST华龙 600242"
"245","青海华鼎 600243"
"246","万通地
"247","成城股份 600247"
"248","延长化建 600248"
"249","两面
"250","南纺股份 600250"
"251","冠农股份 600251"
"252","中恒集团 600252"
"253","天方药业 600253"
"254","鑫科材料 600255"
"255","广汇股份 600256"
"256","大湖股份 600257"
"257","首旅股份 600258"
"258","广晟有色 600259"
"259","凯乐科技 600260"
"260","阳光照明 600261"
"261","北方股份 600262"
"262","路桥建设 600263"
"263","景谷林业 600265"
"264","北京城建 600266"
"265","海正药业 600267"
"266","国电南自 600268"
"267","赣粤高
"268","外运发展 600270"
"269","航天信息 600271"
"270","开开实业 600272"
"271","华芳纺织 600273"
"272","ST昌鱼 600275"
"273","恒瑞医药 600276"
"274","亿利能源 600277"
"275","东方创业 600278"
"276","重庆港九 600279"
"277","南京中商 600280"
"278","太化股份 600281"
"279","南钢股份 600282"
"280","钱江水利 600283"
"281","浦东建设 600284"
"282","羚锐制药 600285"
"283","江苏舜天 600287"
"284","大恒科技 600288"
"285","亿阳信
"286","华仪电气 600290"
"287","西水股份 600291"
"288","九龙电力 600292"
"289","三峡新材 600293"
"290","鄂尔多斯 600295"
"291","美罗药业 600297"
"292","安琪酵母 600298"
"293","*ST新材 600299"
"294","维维股份 600300"
"295","*ST南化 600301"
"296","标准股份 600302"
"297","曙光股份 600303"
"298","恒顺醋业 600305"
"299","商业
"300","酒钢宏兴 600307"
"301","华泰股份 600308"
"302","烟台万华 600309"
"303","桂东电力 600310"
"304","荣华实业 600311"
"305","平高电气 600312"
"306","上海家化 600315"
"307","洪都航空 600316"
"308","营口
"309","巢东股份 600318"
"310","亚星化学 600319"
"311","振华重工 600320"
"312","国栋建设 600321"
"313","天房发展 600322"
"314","南海发展 600323"
"315","华发股份 600325"
"316","西藏天路 600326"
"317","大厦股份 600327"
"318","兰太实业 600328"
"319","中新药业 600329"
"320","天通股
"321","宏达股份 600331"
"322","广州药业 600332"
"323","长春燃气 600333"
"324","*ST盛工 600335"
"325","澳柯
"326","美克股份 600337"
"327","ST珠峰 600338"
"328","天利高新 600339"
"329","ST国祥 600340"
"330","航天动力 600343"
"331","长江通信 600345"
"332","大橡
"333","国阳新能 600348"
"334","山东高
"335","亚宝药业 600351"
"336","浙江龙盛 600352"
"337","旭光股份 600353"
"338","敦煌种业 600354"
"339","*ST精伦 600355"
"340","恒丰纸业 600356"
"341","国旅联合 600358"
"342","新农开
"343","华微电子 600360"
"344","华联综超 600361"
"345","江西铜业 600362"
"346","联创光电 600363"
"347","*ST通葡 600365"
"348","宁波韵升 600366"
"349","红星发展 600367"
"350","五洲交
"351","西南证券 600369"
"352","三房
"353","万向德农 600371"
"354","ST昌河 600372"
"355","*ST鑫新 600373"
"356","星马汽车 600375"
"357","首开股份 600376"
"358","宁沪高
"359","天科股份 600378"
"360","宝光股份 600379"
"361","健康
"362","ST贤成 600381"
"363","广东明珠 600382"
"364","金地集团 600383"
"365","ST金泰 600385"
"366","北巴传媒 600386"
"367","海越股份 600387"
"368","龙净环保 600388"
"369","江山股份 600389"
"370","金瑞科技 600390"
"371","成发科技 600391"
"372","太工天成 600392"
"373","东华实业 600393"
"374","盘江股份 600395"
"375","金山股份 600396"
"376","安源股份 600397"
"377","凯诺科技 600398"
"378","抚顺特钢 600399"
"379","红豆股份 600400"
"380","大有能源 600403"
"381","动力
"382","国电南瑞 600406"
"383","安泰集团 600408"
"384","三友化工 600409"
"385","华胜天成 600410"
"386","小商品城 600415"
"387","湘电股份 600416"
"388","江淮汽车 600418"
"389","ST天宏 600419"
"390","现代制药 600420"
"391","ST国药 600421"
"392","昆明制药 600422"
"393","柳化股份 600423"
"394","青松建化 600425"
"395","华鲁恒升 600426"
"396","中远航运 600428"
"397","三元股份 600429"
"398","吉恩镍业 600432"
"399","冠豪高新 600433"
"400","中兵光电 600435"
"401","片仔癀 600436"
"402","通威股份 600438"
"403","瑞贝
"404","*ST国
"405","金证股份 600446"
"406","华纺股份 600448"
"407","赛马实业 600449"
"408","涪陵电力 600452"
"409","*ST博
"410","宝钛股份 600456"
"411","时代新材 600458"
"412","贵研铂业 600459"
"413","士兰
"414","洪城水业 600461"
"415","*ST石岘 600462"
"416","空港股份 600463"
"417","迪康药业 600466"
"418","好当
"419","百利电气 600468"
"420","风神股份 600469"
"421","六国化工 600470"
"422","华光股份 600475"
"423","湘邮科技 600476"
"424","杭萧钢构 600477"
"425","科力
"426","千金药业 600479"
"427","凌云股份 600480"
"428","双良节能 600481"
"429","风帆股份 600482"
"430","福建南纺 600483"
"431","中创信测 600485"
"432","扬农化工 600486"
"433","亨通光
"434","天药股份 600488"
"435","中金黄金 600489"
"436","*ST合臣 600490"
"437","龙元建设 600491"
"438","凤竹纺织 600493"
"439","晋西车轴 600495"
"440","精工钢构 600496"
"441","驰宏锌锗 600497"
"442","烽火通信 600498"
"443","科达机电 600499"
"444","中化国际 600500"
"445","航天晨光 600501"
"446","安徽水利 600502"
"447","华丽家族 600503"
"448","西昌电力 600505"
"449","ST香梨 600506"
"450","方大特钢 600507"
"451","上海能源 600508"
"452","天富热电 600509"
"453","黑牡
"454","国药股份 600511"
"455","腾达建设 600512"
"456","联环药业 600513"
"457","*ST筑信 600515"
"458","方大炭素 600516"
"459","置信电气 600517"
"460","康美药业 600518"
"461","贵州茅台 600519"
"462","三佳科技 600520"
"463","华海药业 600521"
"464","中天科技 600522"
"465","贵航股份 600523"
"466","长园集团 600525"
"467","菲达环保 600526"
"468","江南高纤 600527"
"469","中铁二局 600528"
"470","山东药玻 600529"
"471","交大昂立 600530"
"472","豫光金铅 600531"
"473","华阳科技 600532"
"474","栖霞建设 600533"
"475","天士
"476","中国软件 600536"
"477","海通集
"478","*ST国发 600538"
"479","狮头股份 600539"
"480","新赛股份 600540"
"481","莫高股份 600543"
"482","新疆城建 600545"
"483","山煤国际 600546"
"484","山东黄金 600547"
"485","深高
"486","厦门钨业 600549"
"487","天威保变 600550"
"488","时代出版 600551"
"489","方兴科技 600552"
"490","九龙
"491","康缘药业 600557"
"492","大西
"493","老白干酒 600559"
"494","金自天正 600560"
"495","江西长运 600561"
"496","*ST高陶 600562"
"497","法拉电子 600563"
"498","迪马股份 600565"
"499","洪城股份 600566"
"500","山鹰纸业 600567"
"501","中珠控股 600568"
"502","安阳钢铁 600569"
"503","恒生电子 600570"
"504","信雅
"505","康恩
"506","惠泉啤酒 600573"
"507","芜湖
"508","万好万家 600576"
"509","精达股份 600577"
"510","京能热电 600578"
"511","ST黄海 600579"
"512","卧龙电气 600580"
"513","八一钢铁 600581"
"514","天地科技 600582"
"515","海油工程 600583"
"516","长电科技 600584"
"517","海螺水泥 600585"
"518","金晶科技 600586"
"519","新华医疗 600587"
"520","用友软件 600588"
"521","广东榕泰 600589"
"522","泰豪科技 600590"
"523","龙溪股份 600592"
"524","大连圣亚 600593"
"525","益佰制药 600594"
"526","中孚实业 600595"
"527","新安股份 600596"
"528","光明乳业 600597"
"529","北大
"530","熊猫烟花 600599"
"531","青岛啤酒 600600"
"532","方正科技 600601"
"533","广电电子 600602"
"534","ST
"535","ST二纺 600604"
"536","汇通能
"537","金丰投资 600606"
"538","*ST沪科 600608"
"539","*ST金杯 600609"
"540","SST中纺 600610"
"541","大众交
"542","老凤
"543","永生投资 600613"
"544","鼎立股份 600614"
"545","丰华股份 600615"
"546","金枫酒业 600616"
"547","*ST联华 600617"
"548","氯碱化工 600618"
"549","海立股份 600619"
"550","天宸股份 600620"
"551","上海金陵 600621"
"552","嘉宝集团 600622"
"553","双钱股份 600623"
"554","复旦复华 600624"
"555","申达股份 600626"
"556","新世
"557","棱光实业 600629"
"558","龙头股份 600630"
"559","百联股份 600631"
"560","*ST海鸟 600634"
"561","大众公用 600635"
"562","三爱
"563","广电信息 600637"
"564","新黄
"565","浦东金桥 600639"
"566","中卫国脉 600640"
"567","万业企业 600641"
"568","申能股份 600642"
"569","爱建股份 600643"
"570","乐山电力 600644"
"571","ST中源 600645"
"572","同达创业 600647"
"573","外高
"574","城投控股 600649"
"575","锦江投资 600650"
"576","飞乐音响 600651"
"577","爱使股份 600652"
"578","申华控股 600653"
"579","飞乐股份 600654"
"580","豫园商城 600655"
"581","ST方源 600656"
"582","信达地产 600657"
"583","电子
"584","福耀玻璃 600660"
"585","新南
"586","强生控股 600662"
"587","陆家
"588","哈药股份 600664"
"589","天地
"590","西南药业 600666"
"591","太极实业 600667"
"592","尖峰集团 600668"
"593","天目药业 600671"
"594","东阳光铝 600673"
"595","川投能源 600674"
"596","中华企业 600675"
"597","交运股份 600676"
"598","航天通信 600677"
"599","*ST金顶 600678"
"600","金山开
"601","上海普天 600680"
"602","南京新百 600682"
"603","京投银泰 600683"
"604","珠江实业 600684"
"605","广船国际 600685"
"606","金龙汽车 600686"
"607","刚泰控股 600687"
"608","S上石
"609","上海三毛 600689"
"610","青岛海尔 600690"
"611","*ST东碳 600691"
"612","亚通股
"613","东百集团 600693"
"614","大商股份 600694"
"615","大江股份 600695"
"616","多伦股份 600696"
"617","欧亚集团 600697"
"618","ST轻骑 600698"
"619","*ST得亨 600699"
"620","工大高新 600701"
"621","沱牌曲酒 600702"
"622","三安光电 600703"
"623","中大股份 600704"
"624","ST长信 600706"
"625","彩虹股份 600707"
"626","海博股份 600708"
"627","常林股份 600710"
"628","雄震矿业 600711"
"629","南宁百货 600712"
"630","南京医药 600713"
"631","ST金瑞 600714"
"632","ST松辽 600715"
"633","凤凰股份 600716"
"634","天津
"635","东软集团 600718"
"636","大连热电 600719"
"637","祁连
"638","ST百花 600721"
"639","*ST金化 600722"
"640","西单商场 600723"
"641","宁波富达 600724"
"642","云维股份 600725"
"643","华电能源 600726"
"644","ST新太 600728"
"645","重庆百货 600729"
"646","中国高科 600730"
"647","湖南海利 600731"
"648","上海新梅 600732"
"649","S前锋 600733"
"650","实达集团 600734"
"651","新华
"652","苏州高新 600736"
"653","中粮屯河 600737"
"654","兰州民百 600738"
"655","辽宁成大 600739"
"656","*ST山焦 600740"
"657","华域汽车 600741"
"658","一汽富
"659","华远地产 600743"
"660","华银电力 600744"
"661","中茵股份 600745"
"662","江苏索普 600746"
"663","大连控股 600747"
"664","上实发展 600748"
"665","西藏旅游 600749"
"666","江中药业 600750"
"667","SST天海 600751"
"668","东方银星 600753"
"669","锦江股份 600754"
"670","厦门国贸 600755"
"671","浪潮软件 600756"
"672","*ST源发 600757"
"673","红阳能源 600758"
"674","正和股份 600759"
"675","中航黑豹 600760"
"676","安徽合力 600761"
"677","通策医疗 600763"
"678","中电广
"679","中航重机 600765"
"680","园城股份 600766"
"681","运盛实业 600767"
"682","宁波富邦 600768"
"683","*ST祥龙 600769"
"684","综艺股份 600770"
"685","ST东盛 600771"
"686","西藏城投 600773"
"687","汉商集团 600774"
"688","南京熊猫 600775"
"689","东方通信 600776"
"690","新潮实业 600777"
"691","友好集团 600778"
"692","水井
"693","通宝能源 600780"
"694","上海辅仁 600781"
"695","新钢股份 600782"
"696","鲁信高新 600783"
"697","鲁银投资 600784"
"698","新华百货 600785"
"699","中储股份 600787"
"700","鲁抗医药 600789"
"701","轻纺
"702","京能置业 600791"
"703","ST马龙 600792"
"704","ST宜纸 600793"
"705","保税科技 600794"
"706","国电电力 600795"
"707","钱江生化 600796"
"708","浙大网新 600797"
"709","宁波海运 600798"
"710","ST磁卡 600800"
"711","华新水泥 600801"
"712","福建水泥 600802"
"713","威远生化 600803"
"714","鹏博
"715","悦达投资 600805"
"716","昆明机床 600806"
"717","天业股份 600807"
"718","马钢股份 600808"
"719","山西汾酒 600809"
"720","神马股份 600810"
"721","东方集团 600811"
"722","华北制药 600812"
"723","杭州解百 600814"
"724","厦工股份 600815"
"725","安信信托 600816"
"726","中路股份 600818"
"727","耀皮玻
"728","隧道股份 600820"
"729","津劝
"730","上海物贸 600822"
"731","世茂股份 600823"
"732","益民集团 600824"
"733","新华传媒 600825"
"734","兰生股份 600826"
"735","友谊股份 600827"
"736","成商集团 600828"
"737","三精制药 600829"
"738","香溢融
"739","广电网络 600831"
"740","东方明珠 600832"
"741","第一医药 600833"
"742","申通地
"743","上海机电 600835"
"744","界龙实业 600836"
"745","海通证
"746","上海九百 600838"
"747","四川长虹 600839"
"748","上柴股份 600841"
"749","上工申贝 600843"
"750","丹化科技 600844"
"751","宝信软件 600845"
"752","同济科技 600846"
"753","ST渝万
"754","自仪股份 600848"
"755","华东电脑 600850"
"756","海欣股份 600851"
"757","龙建股份 600853"
"758","ST春兰 600854"
"759","航天长峰 600855"
"760","长百集团 600856"
"761","工大首创 600857"
"762","银座股份 600858"
"763","王府
"764","*ST北人 600860"
"765","北京城乡 600861"
"766","南通科技 600862"
"767","内蒙华电 600863"
"768","哈投股份 600864"
"769","百大集团 600865"
"770","星湖科技 600866"
"771","通化东宝 600867"
"772","ST梅雁 600868"
"773","三普药业 600869"
"774","ST厦华 600870"
"775","S仪化 600871"
"776","中炬高新 600872"
"777","五洲明珠 600873"
"778","创业环保 600874"
"779","东方电气 600875"
"780","ST洛玻 600876"
"781","中国嘉陵 600877"
"782","航天电子 600879"
"783","博瑞传播 600880"
"784","亚泰集团 600881"
"785","大成股份 600882"
"786","博闻科技 600883"
"787","杉杉股份 600884"
"788","*ST力阳 600885"
"789","国投电力 600886"
"790","伊利股份 600887"
"791","新疆众和 600888"
"792","南京化纤 600889"
"793","ST中房 600890"
"794","ST秋林 600891"
"795","*ST宝诚 600892"
"796","航空动力 600893"
"797","广钢股份 600894"
"798","张江高科 600895"
"799","中海海盛 600896"
"800","厦门空港 600897"
"801","长江电力 600900"
"802","滨州活塞 600960"
"803","株冶集团 600961"
"804","国投中鲁 600962"
"805","岳阳纸业 600963"
"806","福成五丰 600965"
"807","博汇纸业 600966"
"808","北方创业 600967"
"809","郴电国际 600969"
"810","中材国际 600970"
"811","恒源煤电 600971"
"812","宝胜股份 600973"
"813","新五
"814","武汉健民 600976"
"815","宜华木业 600978"
"816","广安爱众 600979"
"817","北矿磁材 600980"
"818","江苏开
"819","宁波热电 600982"
"820","合肥三洋 600983"
"821","*ST建机 600984"
"822","雷鸣科化 600985"
"823","科达股份 600986"
"824","航民股份 600987"
"825","*ST宝龙 600988"
"826","四创电子 600990"
"827","广汽长丰 600991"
"828","贵绳股份 600992"
"829","马应
"830","文山电力 600995"
"831","开滦股
"832","九州
"833","招商证券 600999"
"834","唐山
"835","大同煤业 601001"
"836","晋亿实业 601002"
"837","柳钢股份 601003"
"838","重庆钢铁 601005"
"839","大秦铁路 601006"
"840","金陵饭店 601007"
"841","连云
"842","南京银行 601009"
"843","宝泰
"844","宁波
"845","中国神华 601088"
"846","中南传媒 601098"
"847","太平
"848","昊华能源 601101"
"849","中国一
"850","四川成渝 601107"
"851","中国国航 601111"
"852","三江购物 601116"
"853","中国化学 601117"
"854","海南橡胶 601118"
"855","四方股份 601126"
"856","博威合金 601137"
"857","深圳燃气 601139"
"858","重庆水务 601158"
"859","兴业银行 601166"
"860","西部矿业 601168"
"861","北京银行 601169"
"862","杭齿前进 601177"
"863","中国西电 601179"
"864","中国铁建 601186"
"865","龙江交
"866","内蒙君正 601216"
"867","二重重装 601268"
"868","农业银行 601288"
"869","中国北车 601299"
"870","中国平安 601318"
"871","交通银
"872","广深铁路 601333"
"873","陕鼓动力 601369"
"874","兴业证券 601377"
"875","中国中铁 601390"
"876","工商银行 601398"
"877","吉林高
"878","大智
"879","华锐风电 601558"
"880","北辰实业 601588"
"881","中国铝业 601600"
"882","中国太保 601601"
"883","上海医药 601607"
"884","广电电气 601616"
"885","中国中冶 601618"
"886","中国人寿 601628"
"887","平煤股份 601666"
"888","中国建筑 601668"
"889","DR滨化
"890","华泰证券 601688"
"891","潞安环能 601699"
"892","风范股份 601700"
"893","郑煤
"894","际华集团 601718"
"895","上海电气 601727"
"896","中国南车 601766"
"897","力帆股份 601777"
"898","光大证券 601788"
"899","星宇股份 601799"
"900","皖新传媒 601801"
"901","中海油服 601808"
"902","光大银行 601818"
"903","中国石油 601857"
"904","中海集运 601866"
"905","招商轮船 601872"
"906","正泰电器 601877"
"907","大连
"908","中国国旅 601888"
"909","亚星锚链 601890"
"910","中煤能源 601898"
"911","紫金矿业 601899"
"912","国投新集 601918"
"913","中国远洋 601919"
"914","永辉超市 601933"
"915","建设银行 601939"
"916","金钼股份 601958"
"917","中国银行 601988"
"918","中国重工 601989"
"919","大唐发电 601991"
"920","金隅股份 601992"
"921","中信银行 601998"
"922","出版传媒 601999"
"923","深发展Ａ 000001"
"924","
"925","ST国农 000004"
"926","世纪星源 000005"
"927","深振业Ａ 000006"
"928","ST零七 000007"
"929","ST宝利
"930","中国宝安 000009"
"931","S ST华新 000010"
"932","深物业A 000011"
"933","
"934","沙河股份 000014"
"935","深康佳Ａ 000016"
"936","*ST中华A 000017"
"937","ST中冠A 000018"
"938","深深宝Ａ 000019"
"939","深华发Ａ 000020"
"940","长城开
"941","深赤湾Ａ 000022"
"942","深天地Ａ 000023"
"943","招商地产 000024"
"944","
"945","飞亚达Ａ 000026"
"946","深圳能源 000027"
"947","一致药
"948","深深房Ａ 000029"
"949","*ST盛润A 000030"
"950","中粮地产 000031"
"951","深桑达Ａ 000032"
"952","新都酒店 000033"
"953","ST深泰 000034"
"954","*ST科健 000035"
"955","华联控股 000036"
"956","深南电Ａ 000037"
"957","中集集团 000039"
"958","
"959","
"960","中航地产 000043"
"961","深纺织Ａ 000045"
"962","泛海建设 000046"
"963","ST康达
"964","德赛电池 000049"
"965","深天马Ａ 000050"
"966","方大集团 000055"
"967","
"968","
"969","辽通化
"970","中金岭南 000060"
"971","
"972","深圳华强 000062"
"973","中兴通讯 000063"
"974","北方国际 000065"
"975","长城电脑 000066"
"976","ST三星 000068"
"977","华侨城Ａ 000069"
"978","特发信息 000070"
"979","海王生物 000078"
"980","
"981","深圳机场 000089"
"982","
"983","广聚能源 000096"
"984","中信海直 000099"
"985","TCL 集团 000100"
"986","宜华地产 000150"
"987","中成股份 000151"
"988","丰原药业 000153"
"989","川化股份 000155"
"990","中联重科 000157"
"991","常山股份 000158"
"992","国际实业 000159"
"993","东方市场 000301"
"994","潍柴动力 000338"
"995","许继电气 000400"
"996","冀东水
"997","
"998","华意压缩 000404"
"999","胜利股份 000407"
"1000","*ST金谷 000408"
"1001","ST泰复 000409"
"1002","沈阳机床 000410"
"1003","英特集团 000411"
"1004","
"1005","*ST汇
"1006","民生投资 000416"
"1007","合肥百货 000417"
"1008","小天鹅Ａ 000418"
"1009","通程控股 000419"
"1010","吉林化纤 000420"
"1011","南京中北 000421"
"1012","湖北宜化 000422"
"1013","东阿阿胶 000423"
"1014","徐工机械 000425"
"1015","富龙热电 000426"
"1016","华天酒店 000428"
"1017","粤高速Ａ 000429"
"1018","*ST张股 000430"
"1019","晨鸣纸业 000488"
"1020","鄂武商Ａ 000501"
"1021","绿景地产 000502"
"1022","海虹控股 000503"
"1023","*ST传媒 000504"
"1024","ST珠江 000505"
"1025","中润投资 000506"
"1026","珠海
"1027","S*ST华塑 000509"
"1028","金路集团 000510"
"1029","银基发展 000511"
"1030","丽珠集团 000513"
"1031","
"1032","开元控
"1033","荣安地产 000517"
"1034","四环生物 000518"
"1035","江南红箭 000519"
"1036","长航凤凰 000520"
"1037","美菱电器 000521"
"1038","白云山Ａ 000522"
"1039","广州浪奇 000523"
"1040","东方宾馆 000524"
"1041","
"1042","旭飞投资 000526"
"1043","美的电器 000527"
"1044","
"1045","广弘控股 000529"
"1046","大冷股份 000530"
"1047","穗恒运Ａ 000531"
"1048","力合股份 000532"
"1049","
"1050","万泽股份 000534"
"1051","华映科技 000536"
"1052","广宇发展 000537"
"1053","云南白药 000538"
"1054","粤电力Ａ 000539"
"1055","中天城投 000540"
"1056","佛山照明 000541"
"1057","皖能电力 000543"
"1058","中原环保 000544"
"1059","吉林制药 000545"
"1060","光华控股 000546"
"1061","闽福发Ａ 000547"
"1062","湖南投资 000548"
"1063","江铃汽车 000550"
"1064","创元科技 000551"
"1065","靖远煤电 000552"
"1066","沙隆达Ａ 000553"
"1067","泰山石油 000554"
"1068","ST 
"1069","*ST广夏 000557"
"1070","莱茵置业 000558"
"1071","万向钱潮 000559"
"1072","昆百大Ａ 000560"
"1073","烽火电子 000561"
"1074","宏源证券 000562"
"1075","陕国投Ａ 000563"
"1076","西安民生 000564"
"1077","渝三峡Ａ 000565"
"1078","海南海药 000566"
"1079","海德股份 000567"
"1080","泸州老窖 000568"
"1081","苏常柴Ａ 000570"
"1082","新大洲Ａ 000571"
"1083","海马股份 000572"
"1084","粤宏远Ａ 000573"
"1085","ST甘化 000576"
"1086","盐湖集团 000578"
"1087","威孚高科 000581"
"1088","
"1089","友利控股 000584"
"1090","东北电气 000585"
"1091","ST汇源 000586"
"1092","S*ST光明 000587"
"1093","黔轮胎Ａ 000589"
"1094","紫光古汉 000590"
"1095","
"1096","中福实业 000592"
"1097","大通燃
"1098","国恒铁路 000594"
"1099","西北轴承 000595"
"1100","古井贡酒 000596"
"1101","东北制药 000597"
"1102","兴蓉投资 000598"
"1103","青岛双星 000599"
"1104","建投能源 000600"
"1105","韶能股份 000601"
"1106","*ST金马 000602"
"1107","*ST 威达 000603"
"1108","ST 
"1109","青海明胶 000606"
"1110","华智控股 000607"
"1111","阳光股份 000608"
"1112","绵世股份 000609"
"1113","西安旅游 000610"
"1114","时代科技 000611"
"1115","焦作万方 000612"
"1116","ST东海
"1117","湖北金环 000615"
"1118","亿城股份 000616"
"1119","石油济柴 000617"
"1120","海螺型材 000619"
"1121","吉林敖东 000623"
"1122","长安汽车 000625"
"1123","如意集团 000626"
"1124","天茂集团 000627"
"1125","高新发展 000628"
"1126","*ST钒钛 000629"
"1127","铜陵有色 000630"
"1128","顺发恒业 000631"
"1129","三木集团 000632"
"1130","ST合金 000633"
"1131","
"1132","风华高科 000636"
"1133","茂化实华 000637"
"1134","万方地产 000638"
"1135","西王食品 000639"
"1136","仁和药业 000650"
"1137","格力电器 000651"
"1138","泰达股份 000652"
"1139","金岭矿业 000655"
"1140","ST 
"1141","珠海中富 000659"
"1142","长春高新 000661"
"1143","
"1144","永安林业 000663"
"1145","武汉塑料 000665"
"1146","经纬纺机 000666"
"1147","名流置业 000667"
"1148","荣丰控股 000668"
"1149","领先科技 000669"
"1150","
"1151","*ST大水 000673"
"1152","*ST思达 000676"
"1153","山东海龙 000677"
"1154","襄阳轴承 000678"
"1155","大连友谊 000679"
"1156","山推股份 000680"
"1157","东方电子 000682"
"1158","远兴能源 000683"
"1159","中山公用 000685"
"1160","东北证券 000686"
"1161","保定天鹅 000687"
"1162","宝新能源 000690"
"1163","*ST亚太 000691"
"1164","惠天热电 000692"
"1165","滨海能源 000695"
"1166","*ST 偏转 000697"
"1167","沈阳化工 000698"
"1168","模塑科技 000700"
"1169","厦门信达 000701"
"1170","正虹科技 000702"
"1171","*ST光华 000703"
"1172","浙江震元 000705"
"1173","双环科技 000707"
"1174","大冶特钢 000708"
"1175","河北钢铁 000709"
"1176","天兴仪表 000710"
"1177","天伦置业 000711"
"1178","锦龙股份 000712"
"1179","丰乐种业 000713"
"1180","中兴商业 000715"
"1181","*ST南方 000716"
"1182","韶钢松山 000717"
"1183","苏宁环球 000718"
"1184","ST能山 000720"
"1185","西安饮食 000721"
"1186","美锦能源 000723"
"1187","京东方Ａ 000725"
"1188","
"1189","华东科技 000727"
"1190","国元证券 000728"
"1191","燕京啤酒 000729"
"1192","四川美丰 000731"
"1193","ST三农 000732"
"1194","振华科技 000733"
"1195","
"1196","ST 
"1197","南风化工 000737"
"1198","中航动控 000738"
"1199","普洛股份 000739"
"1200","长城信息 000748"
"1201","SST集琦 000750"
"1202","锌业股份 000751"
"1203","西藏发展 000752"
"1204","漳州发展 000753"
"1205","山西三维 000755"
"1206","新华制药 000756"
"1207","中色股份 000758"
"1208","武汉中百 000759"
"1209","*ST博盈 000760"
"1210","本钢板材 000761"
"1211","西藏矿业 000762"
"1212","通化金马 000766"
"1213","漳泽电力 000767"
"1214","西飞国际 000768"
"1215","广发证券 000776"
"1216","中核科技 000777"
"1217","新兴铸管 000778"
"1218","三毛派神 000779"
"1219","平庄能源 000780"
"1220","美达股份 000782"
"1221","长江证券 000783"
"1222","武汉中商 000785"
"1223","北新建材 000786"
"1224","西南合成 000788"
"1225","江西水泥 000789"
"1226","华神集团 000790"
"1227","西北化工 000791"
"1228","盐湖钾肥 000792"
"1229","华闻传媒 000793"
"1230","太原刚玉 000795"
"1231","易食股份 000796"
"1232","中国武夷 000797"
"1233","中水渔业 000798"
"1234","
"1235","一汽轿
"1236","四川九洲 000801"
"1237","北京旅游 000802"
"1238","金宇车城 000803"
"1239","银河科技 000806"
"1240","云铝股份 000807"
"1241","中汇医药 000809"
"1242","华润锦华 000810"
"1243","烟台冰轮 000811"
"1244","陕西金叶 000812"
"1245","天山纺织 000813"
"1246","美利纸业 000815"
"1247","江淮动力 000816"
"1248","*ST化工 000818"
"1249","岳阳兴长 000819"
"1250","*ST金城 000820"
"1251","京山轻机 000821"
"1252","山东海化 000822"
"1253","超声电子 000823"
"1254","太钢不锈 000825"
"1255","桑德环境 000826"
"1256","东莞控股 000828"
"1257","天音控股 000829"
"1258","鲁西化工 000830"
"1259","*ST关铝 000831"
"1260","贵糖股份 000833"
"1261","四川圣达 000835"
"1262","鑫茂科技 000836"
"1263","秦川发展 000837"
"1264","国兴地产 000838"
"1265","中信国安 000839"
"1266","承德露露 000848"
"1267","华茂股份 000850"
"1268","高鸿股份 000851"
"1269","江钻股份 000852"
"1270","ST唐陶 000856"
"1271","
"1272","国风塑业 000859"
"1273","顺鑫农业 000860"
"1274","海印股份 000861"
"1275","银星能源 000862"
"1276","安凯客车 000868"
"1277","
"1278","吉电股份 000875"
"1279","
"1280","天山股份 000877"
"1281","云南铜业 000878"
"1282","潍柴重机 000880"
"1283","大连国际 000881"
"1284","华联股份 000882"
"1285","湖北能源 000883"
"1286","同力水泥 000885"
"1287","海南高
"1288","中鼎股份 000887"
"1289","峨眉山Ａ 000888"
"1290","渤海物流 000889"
"1291","
"1292","*ST星美 000892"
"1293","东凌粮油 000893"
"1294","双汇发展 000895"
"1295","津滨发展 000897"
"1296","鞍钢股份 000898"
"1297","赣能股份 000899"
"1298","现代投资 000900"
"1299","航天科技 000901"
"1300","*ST中服 000902"
"1301","云内动力 000903"
"1302","厦门港务 000905"
"1303","南方建材 000906"
"1304","*ST天一 000908"
"1305","数源科技 000909"
"1306","大亚科技 000910"
"1307","南宁糖业 000911"
"1308","
"1309","钱江摩托 000913"
"1310","山大华特 000915"
"1311","华北高
"1312","电广传媒 000917"
"1313","嘉凯
"1314","金陵药业 000919"
"1315","南方汇
"1316","ST 
"1317","*ST阿继 000922"
"1318","河北宣工 000923"
"1319","众合机电 000925"
"1320","福星股份 000926"
"1321","一汽夏
"1322","中钢吉炭 000928"
"1323","兰州黄河 000929"
"1324","丰原生化 000930"
"1325","
"1326","华菱钢铁 000932"
"1327","神火股份 000933"
"1328","四川双马 000935"
"1329","
"1330","冀中能
"1331","紫光股份 000938"
"1332","凯迪电力 000939"
"1333","南天信息 000948"
"1334","新乡化纤 000949"
"1335","建峰化工 000950"
"1336","中国重汽 000951"
"1337","广济药业 000952"
"1338","*ST河化 000953"
"1339","ST欣龙 000955"
"1340","中通客
"1341","*ST东热 000958"
"1342","首钢股份 000959"
"1343","锡业股份 000960"
"1344","中南建设 000961"
"1345","东方钽业 000962"
"1346","华东医药 000963"
"1347","天保基建 000965"
"1348","长源电力 000966"
"1349","上风高科 000967"
"1350","
"1351","安泰科技 000969"
"1352","中科三环 000970"
"1353","ST迈亚 000971"
"1354","
"1355","佛塑股份 000973"
"1356","
"1357","*ST春晖 000976"
"1358","浪潮信息 000977"
"1359","桂林旅游 000978"
"1360","中弘地产 000979"
"1361","金马股份 000980"
"1362","中银绒业 000982"
"1363","西山煤电 000983"
"1364","大庆华科 000985"
"1365","广州友谊 000987"
"1366","华工科技 000988"
"1367","
"1368","诚志股份 000990"
"1369","闽东电力 000993"
"1370","ST皇台 000995"
"1371","中国中期 000996"
"1372","
"1373","隆平高科 000998"
"1374","华润三九 000999"
"1375","宗申动力 001696"
"1376","*ST豫能 001896"
"1377","
"1378","ST琼花 002002"
"1379","伟星股份 002003"
"1380","华邦制药 002004"
"1381","德豪润达 002005"
"1382","精功科技 002006"
"1383","华兰生物 002007"
"1384","大族激
"1385","天奇股份 002009"
"1386","传化股份 002010"
"1387","盾安环境 002011"
"1388","凯恩股份 002012"
"1389","中航精机 002013"
"1390","永新股份 002014"
"1391","霞客环保 002015"
"1392","世荣兆业 002016"
"1393","东信和平 002017"
"1394","华星化工 002018"
"1395","鑫富药业 002019"
"1396","京新药业 002020"
"1397","中捷股份 002021"
"1398","科华生物 002022"
"1399","海特高新 002023"
"1400","苏宁电器 002024"
"1401","航天电器 002025"
"1402","山东威达 002026"
"1403","七喜控股 002027"
"1404","思源电气 002028"
"1405","
"1406","达安基因 002030"
"1407","巨轮股份 002031"
"1408","
"1409","丽江旅游 002033"
"1410","
"1411","华帝股份 002035"
"1412","宜科科技 002036"
"1413","久联发展 002037"
"1414","双鹭药业 002038"
"1415","黔源电力 002039"
"1416","
"1417","登海种业 002041"
"1418","华孚色纺 002042"
"1419","
"1420","江苏三友 002044"
"1421","广州国光 002045"
"1422","轴研科技 002046"
"1423","成霖股份 002047"
"1424","宁波华翔 002048"
"1425","晶源电子 002049"
"1426","三花股份 002050"
"1427","中工国际 002051"
"1428","同洲电子 002052"
"1429","云南盐化 002053"
"1430","德美化工 002054"
"1431","得润电子 002055"
"1432","横店东磁 002056"
"1433","中钢天源 002057"
"1434","
"1435","云南旅游 002059"
"1436","
"1437","江山化工 002061"
"1438","宏润建设 002062"
"1439","远光软件 002063"
"1440","华峰氨纶 002064"
"1441","东华软件 002065"
"1442","瑞泰科技 002066"
"1443","景兴纸业 002067"
"1444","黑猫股份 002068"
"1445","
"1446","众和股份 002070"
"1447","江苏宏宝 002071"
"1448","*ST德棉 002072"
"1449","软控股份 002073"
"1450","东源电器 002074"
"1451","
"1452","大港股份 002077"
"1453","太阳纸业 002078"
"1454","苏州固锝 002079"
"1455","中材科技 002080"
"1456","
"1457","栋梁新材 002082"
"1458","孚日股份 002083"
"1459","海鸥卫浴 002084"
"1460","万丰奥威 002085"
"1461","东方海洋 002086"
"1462","新野纺织 002087"
"1463","鲁阳股份 002088"
"1464","
"1465","金智科技 002090"
"1466","江苏国泰 002091"
"1467","中泰化学 002092"
"1468","国脉科技 002093"
"1469","青岛金王 002094"
"1470","
"1471","南岭民爆 002096"
"1472","山河智能 002097"
"1473","浔兴股份 002098"
"1474","海翔药业 002099"
"1475","天康生物 002100"
"1476","广东鸿图 002101"
"1477","冠福家用 002102"
"1478","广博股份 002103"
"1479","恒宝股份 002104"
"1480","信隆实业 002105"
"1481","莱宝高科 002106"
"1482","沃华医药 002107"
"1483","沧州明珠 002108"
"1484","兴化股份 002109"
"1485","三钢闽光 002110"
"1486","威海广泰 002111"
"1487","三变科技 002112"
"1488","ST天润 002113"
"1489","罗平锌电 002114"
"1490","三维通信 002115"
"1491","中国海诚 002116"
"1492","东港股份 002117"
"1493","紫鑫药业 002118"
"1494","康强电子 002119"
"1495","新海股份 002120"
"1496","科陆电子 002121"
"1497","天马股份 002122"
"1498","荣信股份 002123"
"1499","天邦股份 002124"
"1500","湘潭电化 002125"
"1501","银轮股份 002126"
"1502","新民科技 002127"
"1503","露天煤业 002128"
"1504","中环股份 002129"
"1505","沃尔核材 002130"
"1506","利欧股份 002131"
"1507","恒星科技 002132"
"1508","广宇集团 002133"
"1509","天津普林 002134"
"1510","东南网架 002135"
"1511","
"1512","
"1513","顺络电子 002138"
"1514","拓邦股份 002139"
"1515","东华科技 002140"
"1516","蓉胜超微 002141"
"1517","宁波银行 002142"
"1518","高金食品 002143"
"1519","宏达高科 002144"
"1520","*ST钛白 002145"
"1521","荣盛发展 002146"
"1522","方圆支承 002147"
"1523","北纬通信 002148"
"1524","西部材料 002149"
"1525","江苏通润 002150"
"1526","北斗星
"1527","广电运
"1528","石基信息 002153"
"1529","
"1530","辰州矿业 002155"
"1531","通富微电 002156"
"1532","正邦科技 002157"
"1533","汉钟精机 002158"
"1534","三特索道 002159"
"1535","常铝股份 002160"
"1536","
"1537","
"1538","中航三鑫 002163"
"1539","东力传动 002164"
"1540","
"1541","莱茵生物 002166"
"1542","东方锆业 002167"
"1543","深圳惠程 002168"
"1544","智光电气 002169"
"1545","芭田股份 002170"
"1546","精诚铜业 002171"
"1547","澳洋科技 002172"
"1548","
"1549","
"1550","广陆数测 002175"
"1551","江特电机 002176"
"1552","御银股份 002177"
"1553","延华智能 002178"
"1554","中航光电 002179"
"1555","
"1556","
"1557","云海金属 002182"
"1558","
"1559","海得控制 002184"
"1560","华天科技 002185"
"1561","
"1562","广百股份 002187"
"1563","
"1564","利达光电 002189"
"1565","成飞集成 002190"
"1566","劲嘉股份 002191"
"1567","路翔股份 002192"
"1568","山东如意 002193"
"1569","武汉凡谷 002194"
"1570","海隆软件 002195"
"1571","方正电机 002196"
"1572","证通电
"1573","嘉应制药 002198"
"1574","东晶电子 002199"
"1575","
"1576","九鼎新材 002201"
"1577","金风科技 002202"
"1578","海亮股份 002203"
"1579","华锐铸钢 002204"
"1580","国统股份 002205"
"1581","
"1582","准油股份 002207"
"1583","合肥城建 002208"
"1584","
"1585","飞马国际 002210"
"1586","宏达新材 002211"
"1587","南洋股份 002212"
"1588","
"1589","大立科技 002214"
"1590","
"1591","三全食品 002216"
"1592","联合化工 002217"
"1593","拓日新能 002218"
"1594","
"1595","天宝股份 002220"
"1596","东华能源 002221"
"1597","福晶科技 002222"
"1598","鱼跃医疗 002223"
"1599","
"1600","濮耐股
"1601","江南化工 002226"
"1602","
"1603","合兴包装 002228"
"1604","鸿博股份 002229"
"1605","科大讯飞 002230"
"1606","奥维通信 002231"
"1607","启明信息 002232"
"1608","塔牌集团 002233"
"1609","民和股份 002234"
"1610","安妮股份 002235"
"1611","大华股份 002236"
"1612","恒邦股份 002237"
"1613","天威视讯 002238"
"1614","
"1615","威华股份 002240"
"1616","歌尔声学 002241"
"1617","九阳股份 002242"
"1618","通产丽星 002243"
"1619","滨江集团 002244"
"1620","澳洋顺昌 002245"
"1621","北化股份 002246"
"1622","帝龙新材 002247"
"1623","华东数控 002248"
"1624","大洋电机 002249"
"1625","联化科技 002250"
"1626","
"1627","上海莱士 002252"
"1628","川大智胜 002253"
"1629","烟台氨纶 002254"
"1630","海陆重工 002255"
"1631","彩虹精化 002256"
"1632","利尔化学 002258"
"1633","升达林业 002259"
"1634","
"1635","拓维信息 002261"
"1636","恩华药业 002262"
"1637","
"1638","
"1639","西仪股份 002265"
"1640","浙富股份 002266"
"1641","陕天然气 002267"
"1642","
"1643","美邦服饰 002269"
"1644","法因数控 002270"
"1645","东方雨虹 002271"
"1646","川润股份 002272"
"1647","水晶光电 002273"
"1648","华昌化工 002274"
"1649","桂林三金 002275"
"1650","万马电缆 002276"
"1651","友阿股份 002277"
"1652","神开股份 002278"
"1653","久其软件 002279"
"1654","新世
"1655","光迅科技 002281"
"1656","博深工具 002282"
"1657","天润曲轴 002283"
"1658","亚太股份 002284"
"1659","世联地产 002285"
"1660","保龄
"1661","奇正藏药 002287"
"1662","超华科技 002288"
"1663","宇顺电子 002289"
"1664","禾盛新材 002290"
"1665","星期
"1666","奥飞动漫 002292"
"1667","罗莱家纺 002293"
"1668","信立
"1669","精艺股份 002295"
"1670","辉煌科技 002296"
"1671","博云新材 002297"
"1672","鑫龙电器 002298"
"1673","圣农发展 002299"
"1674","太阳电缆 002300"
"1675","齐心文具 002301"
"1676","西部建设 002302"
"1677","美盈
"1678","洋河股份 002304"
"1679","南国置业 002305"
"1680","湘鄂
"1681","北新路桥 002307"
"1682","威创股份 002308"
"1683","中利科技 002309"
"1684","东方园林 002310"
"1685","海大集团 002311"
"1686","三泰电子 002312"
"1687","日海通讯 002313"
"1688","雅致股份 002314"
"1689","焦点科技 002315"
"1690","键桥通讯 002316"
"1691","众生药业 002317"
"1692","久立特材 002318"
"1693","乐通股
"1694","海峡股份 002320"
"1695","华英农业 002321"
"1696","理工监测 002322"
"1697","中联电气 002323"
"1698","普利
"1699","洪涛股份 002325"
"1700","永太科技 002326"
"1701","富安
"1702","新朋股份 002328"
"1703","皇氏乳业 002329"
"1704","得利
"1705","皖通科技 002331"
"1706","仙琚制药 002332"
"1707","罗普斯金 002333"
"1708","英威
"1709","科华恒盛 002335"
"1710","人人
"1711","赛象科技 002337"
"1712","奥普光电 002338"
"1713","积成电子 002339"
"1714","格林
"1715","新纶科技 002341"
"1716","巨力索具 002342"
"1717","禾欣股份 002343"
"1718","海宁皮城 002344"
"1719","潮宏
"1720","柘中建设 002346"
"1721","泰尔重工 002347"
"1722","高乐股份 002348"
"1723","精华制药 002349"
"1724","北京科锐 002350"
"1725","漫步
"1726","鼎泰新材 002352"
"1727","杰瑞股份 002353"
"1728","科冕木业 002354"
"1729","兴民钢圈 002355"
"1730","浩宁
"1731","富临运业 002357"
"1732","森源电气 002358"
"1733","齐星铁塔 002359"
"1734","同德化工 002360"
"1735","神剑股份 002361"
"1736","汉王科技 002362"
"1737","隆基机械 002363"
"1738","中恒电气 002364"
"1739","永安药业 002365"
"1740","丹甫股份 002366"
"1741","康力电梯 002367"
"1742","太极股份 002368"
"1743","卓翼科技 002369"
"1744","亚太药业 002370"
"1745","七星电子 002371"
"1746","伟星新材 002372"
"1747","联信永益 002373"
"1748","丽鹏股份 002374"
"1749","亚厦股份 002375"
"1750","新北
"1751","国创高新 002377"
"1752","章源钨业 002378"
"1753","鲁丰股份 002379"
"1754","科远股份 002380"
"1755","双箭股份 002381"
"1756","蓝帆股份 002382"
"1757","合众思壮 002383"
"1758","东山精密 002384"
"1759","大北
"1760","天原集团 002386"
"1761","黑牛食品 002387"
"1762","新亚制程 002388"
"1763","南洋科技 002389"
"1764","信邦制药 002390"
"1765","长青股份 002391"
"1766","北京利尔 002392"
"1767","力生制药 002393"
"1768","联发股份 002394"
"1769","双象股份 002395"
"1770","星网锐捷 002396"
"1771","梦洁家纺 002397"
"1772","建研集团 002398"
"1773","海普
"1774","省广股份 002400"
"1775","交技发展 002401"
"1776","和而泰 002402"
"1777","爱仕
"1778","嘉欣丝绸 002404"
"1779","四维图新 002405"
"1780","远东传动 002406"
"1781","多氟
"1782","齐翔腾达 002408"
"1783","雅克科技 002409"
"1784","广联
"1785","九九
"1786","汉森制药 002412"
"1787","常发股份 002413"
"1788","高德红外 002414"
"1789","海康威视 002415"
"1790","爱施
"1791","三元
"1792","康盛股份 002418"
"1793","天虹商场 002419"
"1794","毅昌股份 002420"
"1795","达实智能 002421"
"1796","科伦药业 002422"
"1797","中原特钢 002423"
"1798","贵州百灵 002424"
"1799","凯撒股份 002425"
"1800","胜利精密 002426"
"1801","尤夫股份 002427"
"1802","云南锗业 002428"
"1803","兆驰股份 002429"
"1804","杭氧股份 002430"
"1805","棕榈园林 002431"
"1806","九安医疗 002432"
"1807","太安
"1808","万里
"1809","长江润发 002435"
"1810","兴森科技 002436"
"1811","誉衡药业 002437"
"1812","江苏神
"1813","启明星辰 002439"
"1814","闰土股份 002440"
"1815","众业
"1816","龙星化工 002442"
"1817","金洲管道 002443"
"1818","巨星科技 002444"
"1819","中南重工 002445"
"1820","盛路通信 002446"
"1821","壹桥苗业 002447"
"1822","中原内配 002448"
"1823","国星光电 002449"
"1824","康得
"1825","摩恩电气 002451"
"1826","长高集团 002452"
"1827","天马精化 002453"
"1828","松芝股份 002454"
"1829","百川股份 002455"
"1830","欧菲
"1831","青龙管业 002457"
"1832","益生股份 002458"
"1833","天业通联 002459"
"1834","赣锋锂业 002460"
"1835","珠江啤酒 002461"
"1836","嘉事
"1837","沪电股份 002463"
"1838","金利科技 002464"
"1839","海格通信 002465"
"1840","天齐锂业 002466"
"1841","二六
"1842","艾迪
"1843","三维工程 002469"
"1844","金正
"1845","中超电缆 002471"
"1846","双环传动 002472"
"1847","圣莱
"1848","榕基软件 002474"
"1849","立讯精密 002475"
"1850","宝莫股份 002476"
"1851","雏鹰农牧 002477"
"1852","常宝股份 002478"
"1853","富春环保 002479"
"1854","新筑股份 002480"
"1855","双塔食品 002481"
"1856","广田股份 002482"
"1857","润邦股份 002483"
"1858","江海股份 002484"
"1859","希努
"1860","嘉麟
"1861","大金重工 002487"
"1862","金固股份 002488"
"1863","浙江永强 002489"
"1864","山东墨龙 002490"
"1865","通鼎光电 002491"
"1866","恒基达鑫 002492"
"1867","荣盛石化 002493"
"1868","华斯股份 002494"
"1869","佳隆股份 002495"
"1870","辉丰股份 002496"
"1871","雅化集团 002497"
"1872","汉缆股份 002498"
"1873","科林环保 002499"
"1874","山西证券 002500"
"1875","利源铝业 002501"
"1876","骅威股份 002502"
"1877","搜于
"1878","东光微电 002504"
"1879","大康牧业 002505"
"1880","超日太阳 002506"
"1881","涪陵榨菜 002507"
"1882","老板电器 002508"
"1883","天广消防 002509"
"1884","天汽
"1885","中顺洁柔 002511"
"1886","达华智能 002512"
"1887","蓝丰生化 002513"
"1888","宝馨科技 002514"
"1889","金字火腿 002515"
"1890","江苏旷达 002516"
"1891","泰亚股份 002517"
"1892","科士
"1893","银河电子 002519"
"1894","日发数码 002520"
"1895","齐峰股份 002521"
"1896","浙江众成 002522"
"1897","天桥起重 002523"
"1898","光正钢构 002524"
"1899","山东矿机 002526"
"1900","新时
"1901","英飞
"1902","海源机械 002529"
"1903","丰东股份 002530"
"1904","天顺风能 002531"
"1905","新界泵业 002532"
"1906","金杯电工 002533"
"1907","杭锅股份 002534"
"1908","林州重机 002535"
"1909","西泵股份 002536"
"1910","海立美达 002537"
"1911","司尔
"1912","新都化工 002539"
"1913","亚太科技 002540"
"1914","鸿路钢构 002541"
"1915","中化岩土 002542"
"1916","万和电气 002543"
"1917","杰赛科技 002544"
"1918","东方铁塔 002545"
"1919","新联电子 002546"
"1920","春兴精工 002547"
"1921","金新
"1922","凯美特气 002549"
"1923","千红制药 002550"
"1924","尚荣医疗 002551"
"1925","宝鼎重工 002552"
"1926","南方轴承 002553"
"1927","惠博
"1928","顺荣股份 002555"
"1929","辉隆股份 002556"
"1930","洽洽食品 002557"
"1931","世纪游轮 002558"
"1932","亚威股份 002559"
"1933","通达股份 002560"
"1934","徐家
"1935","上海绿新 002565"
"1936","益盛药业 002566"
"1937","特锐
"1938","神州泰岳 300002"
"1939","乐普医疗 300003"
"1940","南风股份 300004"
"1941","探路
"1942","莱美药业 300006"
"1943","汉威电子 300007"
"1944","上海佳豪 300008"
"1945","安科生物 300009"
"1946","立思辰 300010"
"1947","鼎汉技
"1948","华测检
"1949","新宁物流 300013"
"1950","亿纬锂能 300014"
"1951","爱尔眼科 300015"
"1952","北陆药业 300016"
"1953","网宿科技 300017"
"1954","中元华电 300018"
"1955","硅宝科技 300019"
"1956","银江股份 300020"
"1957","大禹节水 300021"
"1958","吉峰农机 300022"
"1959","宝德股份 300023"
"1960","机器
"1961","华星创业 300025"
"1962","红日药业 300026"
"1963","华谊兄弟 300027"
"1964","金亚科技 300028"
"1965","天龙光电 300029"
"1966","阳普医疗 300030"
"1967","宝通带
"1968","金龙机电 300032"
"1969","同花
"1970","钢研高纳 300034"
"1971","中科电气 300035"
"1972","超图软件 300036"
"1973","新宙
"1974","梅泰
"1975","上海凯宝 300039"
"1976","九洲电气 300040"
"1977","回天胶业 300041"
"1978","朗科科技 300042"
"1979","星辉车模 300043"
"1980","赛为智能 300044"
"1981","华力创
"1982","台基股份 300046"
"1983","天源迪科 300047"
"1984","合康变频 300048"
"1985","福瑞股份 300049"
"1986","世纪鼎利 300050"
"1987","三五互联 300051"
"1988","中青
"1989","欧比
"1990","鼎龙股份 300054"
"1991","万邦
"1992","三维
"1993","万顺股份 300057"
"1994","蓝色光标 300058"
"1995","东方财富 300059"
"1996","康耐特 300061"
"1997","中能电气 300062"
"1998","天龙集团 300063"
"1999","豫金刚石 300064"
"2000","海兰
"2001","三川股份 300066"
"2002","安诺
"2003","南都电源 300068"
"2004","金利华电 300069"
"2005","碧水
"2006","华谊嘉信 300071"
"2007","三聚环保 300072"
"2008","当升科技 300073"
"2009","华平股份 300074"
"2010","数字政
"2011","宁波GQY 300076"
"2012","国民技
"2013","中瑞思创 300078"
"2014","数码视讯 300079"
"2015","新大新材 300080"
"2016","恒信移动 300081"
"2017","奥克股份 300082"
"2018","劲胜股份 300083"
"2019","海默科技 300084"
"2020","银之
"2021","康芝药业 300086"
"2022","荃银高科 300087"
"2023","长信科技 300088"
"2024","长城集团 300089"
"2025","盛运股份 300090"
"2026","金通灵 300091"
"2027","科新机电 300092"
"2028","金刚玻璃 300093"
"2029","国联水产 300094"
"2030","华伍股份 300095"
"2031","易联
"2032","智云股份 300097"
"2033","高新
"2034","尤洛
"2035","双林股份 300100"
"2036","国腾电子 300101"
"2037","乾照光电 300102"
"2038","达刚路机 300103"
"2039","乐视
"2040","龙源技
"2041","西部牧业 300106"
"2042","建新股份 300107"
"2043","双龙股份 300108"
"2044","新开
"2045","华仁药业 300110"
"2046","向日
"2047","万讯自控 300112"
"2048","顺网科技 300113"
"2049","中航电测 300114"
"2050","长盈精密 300115"
"2051","坚瑞消防 300116"
"2052","嘉寓股份 300117"
"2053","东方日升 300118"
"2054","瑞普生物 300119"
"2055","经纬电材 300120"
"2056","阳谷华泰 300121"
"2057","智飞生物 300122"
"2058","太阳
"2059","汇川技
"2060","易世
"2061","锐奇股份 300126"
"2062","银河磁体 300127"
"2063","锦富新材 300128"
"2064","泰胜风能 300129"
"2065","新国
"2066","英唐智控 300131"
"2067","青松股份 300132"
"2068","华策影视 300133"
"2069","大富科技 300134"
"2070","宝利沥青 300135"
"2071","信维通信 300136"
"2072","先河环保 300137"
"2073","晨光生物 300138"
"2074","福星晓程 300139"
"2075","启源装备 300140"
"2076","和顺电气 300141"
"2077","沃森生物 300142"
"2078","星河生物 300143"
"2079","宋城股份 300144"
"2080","南方泵业 300145"
"2081","汤臣倍健 300146"
"2082","香雪制药 300147"
"2083","天舟文化 300148"
"2084","量子高科 300149"
"2085","世纪瑞尔 300150"
"2086","昌红科技 300151"
"2087","燃控科技 300152"
"2088","科泰电源 300153"
"2089","瑞凌股份 300154"
"2090","安居
"2091","天立环保 300156"
"2092","恒泰艾普 300157"
"2093","振东制药 300158"
"2094","新研股份 300159"
"2095","秀强股
"2096","华中数控 300161"
"2097","雷曼光电 300162"
"2098","先锋新材 300163"
"2099","通源石油 300164"
"2100","天瑞仪器 300165"
"2101","东方国信 300166"
"2102","迪威视讯 300167"
"2103","万达信息 300168"
"2104","天晟新材 300169"
"2105","汉得信息 300170"
"2106","东富
"2107","中电环保 300172"
"2108","松德股份 300173"
"2109","元力股份 300174"
"2110","朗源股份 300175"
"2111","鸿特精密 300176"
"2112","中海
"2113","腾邦国际 300178"
"2114","四方
"2115","华峰超纤 300180"
"2116","佐力药业 300181"
"2117","捷成股份 300182"
"2118","东软载波 300183"
"2119","力源信息 300184"
"2120","通裕重工 300185"
"2121","大华
"2122","永清环保 300187"
"2123","基金金泰 500001"
"2124","基金泰和 500002"
"2125","基金安信 500003"
"2126","基金汉盛 500005"
"2127","基金裕阳 500006"
"2128","基金兴华 500008"
"2129","基金安顺 500009"
"2130","基金金鑫 500011"
"2131","基金汉兴 500015"
"2132","基金兴和 500018"
"2133","基金通乾 500038"
"2134","基金科瑞 500056"
"2135","基金银丰 500058"
"2136","治理ETF 510010"
"2137","治理申赎 510011"
"2138","申赎资金 510012"
"2139","超大ETF 510020"
"2140","超大申赎 510021"
"2141","申赎资金 510022"
"2142","价值ETF 510030"
"2143","价值申
"2144","申赎资金 510032"
"2145","50ETF 510050"
"2146","50
"2147","申赎资金 510052"
"2148","央企ETF 510060"
"2149","央企申赎 510061"
"2150","申赎资金 510062"
"2151","民企ETF 510070"
"2152","民企申赎 510071"
"2153","申赎资金 510072"
"2154","责任ETF 510090"
"2155","责任申赎 510091"
"2156","申赎资金 510092"
"2157","周期ETF 510110"
"2158","周期申赎 510111"
"2159","申赎资金 510112"
"2160","中盘ETF 510130"
"2161","中盘申赎 510131"
"2162","申赎资金 510132"
"2163","消费ETF 510150"
"2164","消费申赎 510151"
"2165","申赎资金 510152"
"2166","小康ETF 510160"
"2167","小康申赎 510161"
"2168","申赎资金 510162"
"2169","商品ETF 510170"
"2170","商品申赎 510171"
"2171","申赎资金 510172"
"2172","180ETF 510180"
"2173","180
"2174","申赎资金 510182"
"2175","龙头ETF 510190"
"2176","龙头申赎 510191"
"2177","申赎资金 510192"
"2178","红利ETF 510880"
"2179","红利申赎 510881"
"2180","申赎资金 510882"
"2181","银华优
"2182","海富收益 519003"
"2183","海富股票 519005"
"2184","海富回报 519007"
"2185","添富优势 519008"
"2186","海富精
"2187","海富优势 519013"
"2188","海富贰号 519015"
"2189","大成成长 519017"
"2190","添富均衡 519018"
"2191","大成景阳 519019"
"2192","金鼎价
"2193","海富债券 519023"
"2194","海富领先 519025"
"2195","海富小盘 519026"
"2196","海富周期 519027"
"2197","华夏稳增 519028"
"2198","华夏稳增 519029"
"2199","海富稳固 519030"
"2200","富国天博 519035"
"2201","长盛同德 519039"
"2202","添富蓝筹 519066"
"2203","添富焦点 519068"
"2204","添富价
"2205","添富增收 519078"
"2206","新华分红 519087"
"2207","新华成长 519089"
"2208","新华钻石 519093"
"2209","新华行业 519095"
"2210","新华市
"2211","长盛100 519100"
"2212","浦银价
"2213","浦银收益 519111"
"2214","浦银生活 519113"
"2215","浦银红利 519115"
"2216","浦银300 519116"
"2217","万家 180 519180"
"2218","万家和谐 519181"
"2219","万家引擎 519183"
"2220","万家精
"2221","万家稳增 519186"
"2222","大成300A 519300"
"2223","万家货币 519508"
"2224","浦银货A 519509"
"2225","添富货币 519518"
"2226","友邦增利 519519"
"2227","银河银信 519666"
"2228","银河成长 519668"
"2229","银河行业 519670"
"2230","300价
"2231","银河蓝筹 519672"
"2232","银河创新 519674"
"2233","交银增利 519680"
"2234","交银精
"2235","交银稳健 519690"
"2236","交银成长 519692"
"2237","交银先锋 519698"
"2238","交银主题 519700"
"2239","交银趋势 519702"
"2240","长信量化 519983"
"2241","CX中短
"2242","长信恒利 519987"
"2243","长信利丰 519989"
"2244","长信双利 519991"
"2245","长信增利 519993"
"2246","长信金利 519995"
"2247","长信银利 519997"
"2248","浦银货A 521509"
"2249","银华YXZT 522001"
"2250","海富SYZT 522003"
"2251","海富GPZT 522005"
"2252","海富QHZT 522007"
"2253","添富YSZT 522008"
"2254","海富JXZT 522011"
"2255","海富YSZT 522013"
"2256","海富EHZT 522015"
"2257","大成CZZT 522017"
"2258","添富JHZT 522018"
"2259","大成JYZT 522019"
"2260","金鼎JZZT 522021"
"2261","海富ZQZT 522023"
"2262","海富LXZT 522025"
"2263","海富XPZT 522026"
"2264","海富SZZT 522027"
"2265","华夏WZZT 522028"
"2266","华夏WZZT 522029"
"2267","海富WGZT 522030"
"2268","富国TBZT 522035"
"2269","长盛TDZT 522039"
"2270","添富LCZT 522066"
"2271","添富JDZT 522068"
"2272","添富JZZT 522069"
"2273","添富ZSZT 522078"
"2274","新华FHZT 522087"
"2275","新华CZZT 522089"
"2276","新华ZSZT 522093"
"2277","新华HYZT 522095"
"2278","新华SZZT 522097"
"2279","长盛YBZT 522100"
"2280","浦银JZZT 522110"
"2281","浦银SYZT 522111"
"2282","浦银SHZT 522113"
"2283","浦银HLZT 522115"
"2284","浦银30ZT 522116"
"2285","万家18ZT 522180"
"2286","万家HXZT 522181"
"2287","万家YQZT 522183"
"2288","万家JXZT 522185"
"2289","万家WZZT 522186"
"2290","大成ZSZT 522300"
"2291","万家HBZT 522508"
"2292","添富HBZT 522518"
"2293","友邦ZLZT 522519"
"2294","银河YXZT 522666"
"2295","银河CZZT 522668"
"2296","银河HYZT 522670"
"2297","300JZZT 522671"
"2298","银河LCZT 522672"
"2299","银河CXZT 522674"
"2300","交银ZLZT 522680"
"2301","交银JXZT 522688"
"2302","交银WJZT 522690"
"2303","交银CZZT 522692"
"2304","交银XFZT 522698"
"2305","交银ZTZT 522700"
"2306","交银QSZT 522702"
"2307","长信LHZT 522983"
"2308","CXZDZZT 522985"
"2309","长信HLZT 522987"
"2310","长信LFZT 522989"
"2311","长信SLZT 522991"
"2312","长信ZLZT 522993"
"2313","长信JLZT 522995"
"2314","长信YLZT 522997"
"2315","银华YXFH 523001"
"2316","海富SYFH 523003"
"2317","海富GPFH 523005"
"2318","海富QHFH 523007"
"2319","添富YSFH 523008"
"2320","海富JXFH 523011"
"2321","海富YSFH 523013"
"2322","海富EHFH 523015"
"2323","大成CZFH 523017"
"2324","添富JHFH 523018"
"2325","大成JYFH 523019"
"2326","金鼎JZFH 523021"
"2327","海富ZQFH 523023"
"2328","海富LXFH 523025"
"2329","海富XPFH 523026"
"2330","海富SZFH 523027"
"2331","华夏WZFH 523028"
"2332","华夏WZFH 523029"
"2333","海富WGFH 523030"
"2334","富国TBFH 523035"
"2335","长盛TDFH 523039"
"2336","添富LCFH 523066"
"2337","添富JDFH 523068"
"2338","添富JZFH 523069"
"2339","添富ZSFH 523078"
"2340","新华FHFH 523087"
"2341","新华CZFH 523089"
"2342","新华ZSFH 523093"
"2343","新华HYFH 523095"
"2344","新华SZFH 523097"
"2345","长盛YBFH 523100"
"2346","浦银JZFH 523110"
"2347","浦银SYFH 523111"
"2348","浦银SHFH 523113"
"2349","浦银HLFH 523115"
"2350","浦银30FH 523116"
"2351","万家18FH 523180"
"2352","万家HXFH 523181"
"2353","万家YQFH 523183"
"2354","万家JXFH 523185"
"2355","万家WZFH 523186"
"2356","大成ZSFH 523300"
"2357","友邦ZLFH 523519"
"2358","银河YXFH 523666"
"2359","银河CZFH 523668"
"2360","银河HYFH 523670"
"2361","300JZFH 523671"
"2362","银河LCFH 523672"
"2363","银河CXFH 523674"
"2364","交银ZLFH 523680"
"2365","交银JXFH 523688"
"2366","交银WJFH 523690"
"2367","交银CZFH 523692"
"2368","交银XFFH 523698"
"2369","交银ZTFH 523700"
"2370","交银QSFH 523702"
"2371","长信LHFH 523983"
"2372","CXZDZFH 523985"
"2373","长信HLFH 523987"
"2374","长信LFFH 523989"
"2375","长信SLFH 523991"
"2376","长信ZLFH 523993"
"2377","长信JLFH 523995"
"2378","长信YLFH 523997"
"2379","长虹CWB1 580027"
"2380","ES110818 582027"
"2381","瑞福进取 150001"
"2382","大成优
"2383","建信优势 150003"
"2384","同庆A 150006"
"2385","同庆B 150007"
"2386","瑞和小康 150008"
"2387","瑞和远见 150009"
"2388","国泰优先 150010"
"2389","国泰进取 150011"
"2390","双禧A 150012"
"2391","双禧B 150013"
"2392","合润A 150016"
"2393","合润B 150017"
"2394","银华稳进 150018"
"2395","银华锐进 150019"
"2396","汇利A 150020"
"2397","汇利B 150021"
"2398","申万收益 150022"
"2399","申万进取 150023"
"2400","景丰A 150025"
"2401","景丰B 150026"
"2402","添利B 150027"
"2403","
"2404","
"2405","深成ETF 159903"
"2406","深红
"2407","深成
"2408","
"2409","
"2410","深成净 159A03"
"2411","深红
"2412","深成
"2413","南方积配 160105"
"2414","南方高增 160106"
"2415","南方500 160119"
"2416","国泰小盘 160211"
"2417","国泰价
"2418","华夏蓝筹 160311"
"2419","华夏行业 160314"
"2420","博时主题 160505"
"2421","鹏华价
"2422","鹏华动力 160610"
"2423","鹏华治理 160611"
"2424","鹏华创新 160613"
"2425","鹏华300 160615"
"2426","鹏华500 160616"
"2427","鹏华丰润 160617"
"2428","嘉实 300 160706"
"2429","嘉实50 160716"
"2430","恒生H
"2431","嘉实多利 160718"
"2432","长盛同智 160805"
"2433","长盛300 160807"
"2434","大成创新 160910"
"2435","富国天惠 161005"
"2436","富国天丰 161010"
"2437","易基岁丰 161115"
"2438","国投新兴 161210"
"2439","国投金融 161211"
"2440","国投消费 161213"
"2441","双债A 161216"
"2442","融通巨
"2443","融通领
"2444","招商成长 161706"
"2445","招商信用 161713"
"2446","银华内需 161810"
"2447","银华300 161811"
"2448","银华信用 161813"
"2449","银华通胀 161815"
"2450","银华90 161816"
"2451","万家公用 161903"
"2452","万家红利 161907"
"2453","长城久富 162006"
"2454","泰达效率 162207"
"2455","海富100 162307"
"2456","景顺鼎益 162605"
"2457","景顺资源 162607"
"2458","广发小盘 162703"
"2459","广发500 162711"
"2460","长信100 163001"
"2461","大摩资源 163302"
"2462","兴全趋势 163402"
"2463","兴全300 163407"
"2464","天治核心 163503"
"2465","中银中国 163801"
"2466","华富强
"2467","天弘深成 164205"
"2468","建信300 165309"
"2469","信诚深度 165508"
"2470","信诚增强 165509"
"2471","信诚四国 165510"
"2472","中欧趋势 166001"
"2473","中欧小盘 166006"
"2474","中欧300 166007"
"2475","中欧强
"2476","基金开
"2477","基金普惠 184689"
"2478","基金同益 184690"
"2479","基金景宏 184691"
"2480","基金裕隆 184692"
"2481","基金普丰 184693"
"2482","基金天元 184698"
"2483","基金同盛 184699"
"2484","基金景福 184701"
"2485","基金裕泽 184705"
"2486","基金丰和 184721"
"2487","基金久嘉 184722"
"2488","基金鸿阳 184728"
